panel_id	true_group	n	attempted	correct	accuracy_all	accuracy_attempted	high_or_moderate_frac	uncertainty_rate
P1_macroregion_africa_vs_asia	Africa	105	105	105	1	1	1	0
P1_macroregion_africa_vs_asia	Asia	215	215	215	1	1	0.990697674418605	0.00930232558139535
P2_subregion_within_africa	C_Africa	5	5	5	1	1	1	0
P2_subregion_within_africa	E_Africa	67	67	64	0.955223880597015	0.955223880597015	0.91044776119403	0.0895522388059701
P2_subregion_within_africa	S_Africa	10	10	10	1	1	1	0
P2_subregion_within_africa	W_Africa	23	23	23	1	1	0.91304347826087	0.0869565217391304
P3_subregion_within_asia	E_Asia	80	80	80	1	1	0.975	0.025
P3_subregion_within_asia	SE_Asia	90	90	73	0.811111111111111	0.811111111111111	0.855555555555556	0.144444444444444
P3_subregion_within_asia	S_Asia	45	45	45	1	1	1	0
